{"test": "failure_rate", "contracted_sentences": 5.555555555555555, "inflected_sentences": 1.8867924528301887, "polysemic_verbs": 6.896551724137931, "slang_verbs": 83.33333333333334, "new_verbs": 10.0}